{
  "score": 4943,
  "hiddenLayerList": [
    -68.16704864229777,
    1783.9843223079217,
    -1919.0763342765586,
    -72.92274624407025,
    -68.16704864229777,
    1783.9843223079217,
    -1919.0763342765586,
    -72.92274624407025,
    -68.16704864229777,
    1783.9843223079217,
    -1919.0763342765586,
    -72.92274624407025,
    -68.16704864229777,
    1783.9843223079217,
    -1919.0763342765586,
    -72.92274624407025,
    -68.16704864229777,
    1783.9843223079217,
    -1919.0763342765586,
    -72.92274624407025,
    -68.16704864229777,
    1783.9843223079217,
    -1919.0763342765586,
    -72.92274624407025,
    -68.16704864229777,
    1783.9843223079217,
    -1919.0763342765586,
    -72.92274624407025,
    178.77102940398808,
    -7.630207506437143,
    -68.16704864229777,
    1783.9843223079217,
    -1919.0763342765586,
    -72.92274624407025,
    178.77102940398808,
    -7.630207506437143,
    -68.16704864229777,
    1783.9843223079217,
    -1919.0763342765586,
    -72.92274624407025,
    178.77102940398808,
    -7.630207506437143,
    -68.16704864229777,
    1783.9843223079217,
    -1919.0763342765586,
    -72.92274624407025,
    178.77102940398808,
    -7.630207506437143,
    -68.16704864229777,
    1783.9843223079217,
    -1919.0763342765586,
    -72.92274624407025,
    178.77102940398808,
    -7.630207506437143,
    -68.16704864229777,
    1783.9843223079217,
    -1919.0763342765586,
    -72.92274624407025,
    178.77102940398808,
    -7.630207506437143,
    -68.16704864229777,
    1783.9843223079217,
    -1919.0763342765586,
    -72.92274624407025,
    178.77102940398808,
    -7.630207506437143,
    -68.16704864229777,
    1783.9843223079217,
    -1919.0763342765586,
    -72.92274624407025,
    178.77102940398808,
    -7.630207506437143,
    -68.16704864229777,
    1783.9843223079217,
    -1919.0763342765586,
    -72.92274624407025,
    178.77102940398808,
    -7.630207506437143,
    -68.16704864229777,
    1783.9843223079217,
    -1919.0763342765586,
    -72.92274624407025,
    178.77102940398808,
    -7.630207506437143,
    -68.16704864229777,
    1783.9843223079217,
    -1919.0763342765586,
    -72.92274624407025,
    178.77102940398808,
    -7.630207506437143,
    -68.16704864229777,
    1783.9843223079217,
    -1919.0763342765586,
    -72.92274624407025,
    178.77102940398808,
    -7.630207506437143
  ],
  "outputLayer": [
    -68.16704864229777,
    1783.9843223079217,
    -1919.0763342765586,
    -72.92274624407025,
    178.77102940398808,
    -7.630207506437143
  ]
}