{
  "score": 2060,
  "hiddenLayerList": [
    -105.83504864229776,
    1715.3213223079222,
    -1922.055334276559,
    -82.57174624407028,
    -105.83504864229776,
    1715.3213223079222,
    -1922.055334276559,
    -82.57174624407028,
    -105.83504864229776,
    1715.3213223079222,
    -1922.055334276559,
    -82.57174624407028,
    -105.83504864229776,
    1715.3213223079222,
    -1922.055334276559,
    -82.57174624407028,
    -105.83504864229776,
    1715.3213223079222,
    -1922.055334276559,
    -82.57174624407028,
    -105.83504864229776,
    1715.3213223079222,
    -1922.055334276559,
    -82.57174624407028,
    -105.83504864229776,
    1715.3213223079222,
    -1922.055334276559,
    -82.57174624407028,
    112.57602940398809,
    -26.47720750643715,
    -105.83504864229776,
    1715.3213223079222,
    -1922.055334276559,
    -82.57174624407028,
    112.57602940398809,
    -26.47720750643715,
    -105.83504864229776,
    1715.3213223079222,
    -1922.055334276559,
    -82.57174624407028,
    112.57602940398809,
    -26.47720750643715,
    -105.83504864229776,
    1715.3213223079222,
    -1922.055334276559,
    -82.57174624407028,
    112.57602940398809,
    -26.47720750643715,
    -105.83504864229776,
    1715.3213223079222,
    -1922.055334276559,
    -82.57174624407028,
    112.57602940398809,
    -26.47720750643715,
    -105.83504864229776,
    1715.3213223079222,
    -1922.055334276559,
    -82.57174624407028,
    112.57602940398809,
    -26.47720750643715,
    -105.83504864229776,
    1715.3213223079222,
    -1922.055334276559,
    -82.57174624407028,
    112.57602940398809,
    -26.47720750643715,
    -105.83504864229776,
    1715.3213223079222,
    -1922.055334276559,
    -82.57174624407028,
    112.57602940398809,
    -26.47720750643715,
    -105.83504864229776,
    1715.3213223079222,
    -1922.055334276559,
    -82.57174624407028,
    112.57602940398809,
    -26.47720750643715,
    -105.83504864229776,
    1715.3213223079222,
    -1922.055334276559,
    -82.57174624407028,
    112.57602940398809,
    -26.47720750643715,
    -105.83504864229776,
    1715.3213223079222,
    -1922.055334276559,
    -82.57174624407028,
    112.57602940398809,
    -26.47720750643715,
    -105.83504864229776,
    1715.3213223079222,
    -1922.055334276559,
    -82.57174624407028,
    112.57602940398809,
    -26.47720750643715
  ],
  "outputLayer": [
    -105.83504864229776,
    1715.3213223079222,
    -1922.055334276559,
    -82.57174624407028,
    112.57602940398809,
    -26.47720750643715
  ]
}